Tweet,VADER PT,VADER EN,BERT EN,XLM-RoBERTa,BERTimbau PT
Boneca de pano  Wandinha Naninha  #wandinha  via,Neutro (0.0),Neutro (0.0),Negativo (0.26),Neutro (0.0),Neutro (0.52)
"Que playlist perfeita Ã© essa? ğŸ¥¹

#Wandinha #wednesdaynetflix #WednesdaySeason2",Neutro (0.0),Positivo (0.57),Positivo (0.7),Neutro (0.0),Neutro (0.53)
"Mds, como estÃ£o falando tÃ£o pouco da segunda temporada de #Wandinha ?
TÃ¡ muitooo linda, principalmente a interaÃ§Ã£o de mÃ£e e filha... Aaaaah!

#wednesdaynetflix #MorticiaAddams",Neutro (0.0),Positivo (0.67),Positivo (0.43),Neutro (0.0),Neutro (0.53)
E quem poderia imaginar que demorar entre uma temporada e outra faria o pÃºblico perder o interesse?! #Wandinha,Neutro (0.0),Negativo (-0.46),Negativo (0.29),Neutro (0.0),Neutro (0.53)
"Novo pÃ´ster para a segunda temporada de #Wandinha ğŸ–¤

A primeira parte estÃ¡ disponÃ­vel na  enquanto que a parte 2 chegarÃ¡ em setembro. ğŸ˜‰",Neutro (0.0),Neutro (0.0),Positivo (0.45),Neutro (0.0),Neutro (0.53)
"Como estÃ¡ a liberdade de expressÃ£o na plataforma, voltei, depois de alguns anos de banimento, por quanto tempo, nÃ£o sei !!!!!!!ğŸ˜€âœŒğŸ¼ #Gaza #liberdade #STF #SoberaniaNacional #piorcongressodahistoria #bolsonaronacadeiajÃ¡ #wandinha ğŸ˜‚",Neutro (0.0),Positivo (0.75),Negativo (0.65),Neutro (0.0),Neutro (0.54)
"Eu nÃ£o consigo para de desenhar elas!
ğŸŒ™â˜€ï¸ #Morissa

#Wandinha #wednesday #larissaweems #MorticiaAddams #GwendolineChristie #catherineZetaJones #MorticiaxLarissa #fanart",Neutro (0.0),Positivo (0.29),Negativo (0.46),Neutro (0.0),Neutro (0.53)
â€˜Wandinhaâ€™: Netflix divulga novo pÃ´ster para a segunda parte da temporada; veja. #Netflix #Wandinha #TVCultura,Neutro (0.0),Neutro (0.0),Positivo (0.26),Neutro (0.0),Neutro (0.54)
"Morro com o povo comparando #Wandinha com #StrangerThings, Wandinha demorou por vontade prÃ³pria da Netflix, Stranger Things 5 teve vÃ¡rios empecilhos no meio do caminho, como a greve de roteiristas e a pandemia, sem contar uÃ© Stranger Things Ã© Stranger Things nÃ©, a mais mais.",Negativo (-0.3),Negativo (-0.79),Negativo (0.34),Neutro (0.0),Neutro (0.52)
"ğŸ“Œ A Netflix lanÃ§ou o pÃ´ster da Parte 2 da 2Âª temporada de #Wandinha.

 Lady Gaga vem aÃ­!",Neutro (0.0),Positivo (0.2),Positivo (0.46),Neutro (0.0),Neutro (0.53)
"ğŸ•¯ Wandinha / 2 Temporada - [HD/DUBLADO] No Drive

â— 2025
â— Terror
â— IMDB: 8/10

ğŸ”ƒ SÃ©rie no Drive Aqui â¬‡ï¸


filme no drive link, dublado, assistir, baixar, sÃ©rie no drive, #Wandinha no drive",Negativo (-0.91),Negativo (-0.68),Negativo (0.25),Neutro (0.0),Neutro (0.54)
"A Netflix divulgou um novo pÃ´ster da segunda temporada de 'Wandinha'.

A parte 2 estreiaÂ emÂ umaÂ semana. 

#Wandinha #wednesday #WednesdayNetflix #wednesdayaddams #wednesday2 #JennaOrtega #Netflix",Neutro (0.0),Neutro (0.0),Positivo (0.37),Neutro (0.0),Neutro (0.53)
Estou sÃ³ um pouco ansioso pra volta da #Wandinha!,Neutro (0.0),Negativo (-0.25),Neutro (0.36),Neutro (0.0),Neutro (0.53)
"Quando eu terminar #DiasPerfeitos 
Vou pra segunda parte de #Wandinha &amp; depois comeÃ§arei #Pssica",Neutro (0.0),Neutro (0.0),Positivo (0.21),Neutro (0.0),Neutro (0.54)
"Olha!!

#Pssica 

#Wandinha",Neutro (0.0),Neutro (0.0),Negativo (0.68),Neutro (0.0),Neutro (0.53)
"No entanto, temporada ainda tem chance de se recuperar:

#Wandinha #Netflix",Negativo (-0.05),Positivo (0.25),Neutro (0.43),Neutro (0.0),Neutro (0.54)
"Ou vai danÃ§ar Thriller...

#Wednesday #Wandinha",Neutro (0.0),Positivo (0.1),Neutro (0.25),Neutro (0.0),Neutro (0.54)
"JÃ¡ saquei o que vai rolar com a Enid e a Wednesday nessa segunda parte kkkkkkkkkk 

#WednesdaySeason2 #Wandinha",Neutro (0.0),Neutro (0.0),Positivo (0.29),Neutro (0.0),Neutro (0.54)
Se isso aqui nÃ£o Ã© troca de corpo eu sou maluco #wandinha,Neutro (0.0),Negativo (-0.34),Negativo (0.54),Neutro (0.0),Neutro (0.54)
SURPRESA! Como estou de Wandinha? Meu mais novo cosplay logo apÃ³s o CASCÃƒO da TURMA DA MÃ”NICA. Um pouco de luz e escuridÃ£o gÃ³tico por aqui. Fiquei pegÃ¡vel? Veja eu com as otakus no meu site e siga meu instagram de cosplay com 1K de seguidores:  #wandinha #cosplay,Negativo (-0.43),Negativo (-0.39),Positivo (0.6),Neutro (0.0),Neutro (0.53)
"nossa como ninguÃ©m citou a porra desse zumbi insuportÃ¡vel?chato pra caralho, a sÃ©rie toda matando gente aleatÃ³ria, me poupe 
#wandinha",Neutro (0.0),Negativo (-0.23),Negativo (0.93),Neutro (0.0),Neutro (0.53)
"Eu como sempre, Rubinho Barrichello das sÃ©ries, assisti #Wandinha esse fds, que sÃ©rie maravilhosa. ğŸ˜",Neutro (0.0),Positivo (0.57),Positivo (0.86),Neutro (0.0),Neutro (0.54)
"Vsf, agora tem uma versÃ£o de Zombie, do The Cranberries, em piano. Preciso da trilha completa dessa sÃ©rie disponÃ­vel na  pra ontem.
 dÃ¡ teus pulos e coloca o soundtrack completo de #Wandinha pra jogo.",Neutro (0.0),Neutro (0.0),Positivo (0.43),Neutro (0.0),Neutro (0.53)
"Vsf mano
A versÃ£o do Gnus Cello de Losing My Religion usada pra #Wandinha casou muito bem. Fazia tempo que nÃ£o via o uso de uma releitura tÃ£o boa. A Ãºltima q me lembro foi em ViÃºva Negra, com a versÃ£o de Smells Like Teen Spirit da Malia J, mas essa em Wandinha tÃ¡ muito superior.",Positivo (0.62),Positivo (0.79),Positivo (0.45),Neutro (0.0),Neutro (0.52)
"WANDINHA JÃ DISPONIVEL EM TUDO!!
Uma parada mais vibezinha danÃ§ante, curti muito essa wave, espero que gostem ğŸ–¤ğŸ“€

Edit by  
#wandinha #Wednesday #WednesdaySeason2",Neutro (0.0),Positivo (0.82),Positivo (0.53),Neutro (0.0),Neutro (0.53)
"Minhas mÃ£ozinhas chegaram ğŸ«³ğŸ¼ğŸ˜ğŸ¤© 
 
#wandinha #maozinha #wandinhanetflix  #guarana",Neutro (0.0),Neutro (0.0),Positivo (0.37),Neutro (0.0),Neutro (0.53)
"GoiÃ¢nia sempre injustiÃ§ada nÃ©, cadÃª a promoÃ§Ã£o do  e Wandinha aqui. Resolvam isso por favor #wandinha #guarana #goiania",Positivo (0.4),Negativo (-0.07),Negativo (0.78),Neutro (0.0),Neutro (0.53)
"#morissa Quem nunca se apaixonou por uma prima. ğŸ¥²
#Wandinha #wednesday #larissaweems #MorticiaAddams #GwendolineChristie #catherineZetaJones #MorticiaxLarissa #fanart",Neutro (0.0),Negativo (-0.52),Positivo (0.23),Neutro (0.0),Neutro (0.53)
"GoiÃ¢nia sempre injustiÃ§ada nÃ©, cadÃª a promoÃ§Ã£o do  e Wandinha aqui. Resolvam isso por favor #wandinha #guarana #goiania",Positivo (0.4),Negativo (-0.07),Negativo (0.78),Neutro (0.0),Neutro (0.53)
Pedi uns Pack de GuaranÃ¡zinho Antarctica no ZÃ© Delivery e ganhei vÃ¡rios MÃ£ozinha ğŸ˜±ğŸ˜±â¤ï¸â¤ï¸    #Wandinha,Negativo (-0.3),Positivo (0.78),Negativo (0.39),Neutro (0.0),Neutro (0.53)
"ğŸš¨ SPOILER DE #wandinha S2 ğŸš¨
.
.
.
.
.
.
.
.
sendo bem sincero.. tava gostando real do mistÃ©rio dos corvos e tudo mas achei bem paia e fraco demais o plost twister ser essa who aqui controlando os corvos (msm gostando da atriz) achei tÃ£o ???",Neutro (0.0),Positivo (0.34),Neutro (0.4),Neutro (0.0),Neutro (0.53)
"E esse feat do  com o  Ã© coisa nossa, 4 garrafinhas de guaranÃ¡ vc GANHA 2 mÃ£ozinhas da #wandinha",Neutro (0.0),Neutro (0.0),Positivo (0.78),Neutro (0.0),Neutro (0.53)
"eu amo a estÃ©tica da MorticÃ­a, maravilhosa! #Wandinha",Neutro (0.0),Positivo (0.67),Positivo (0.83),Neutro (0.0),Neutro (0.52)
Wandinha do multiverso ğŸŒˆğŸ’– #wandinha,Neutro (0.0),Neutro (0.0),Positivo (0.25),Neutro (0.0),Neutro (0.53)
"NÃ£o consigo mais olhar  e nÃ£o lembrar da melhor Wandinha de Xique Xique
 
#wandinha",Neutro (0.0),Negativo (-0.68),Negativo (0.4),Neutro (0.0),Neutro (0.53)
Wandinha Coloridinha ğŸŒˆğŸ¤­âœ¨ #wandinha,Neutro (0.0),Neutro (0.0),Positivo (0.23),Neutro (0.0),Neutro (0.53)
Toda semelhanÃ§a Ã© mera coincidÃªncia ğŸ’” #wandinha #Netflix,Neutro (0.0),Neutro (0.0),Positivo (0.29),Neutro (0.0),Neutro (0.53)
Tio Chico Ã© zoeira demaisğŸ˜Š #Wandinha,Neutro (0.0),Neutro (0.0),Neutro (0.24),Neutro (0.0),Neutro (0.53)
Resultado - Wandinha + ğŸŒˆ = Wandinha Coloridinha âœ¨ #wandinha,Neutro (0.0),Neutro (0.0),Neutro (0.27),Neutro (0.0),Neutro (0.53)
"#Ago2025 | Qui, 21/08 |ğŸ“±ğŸ“ºğŸ¬ğŸ¿âš½ğŸˆâ˜•ğŸ˜€ğŸ™ğŸ›ï¸ (â€¢ A14 5G) ğŸŒ„âš½ğŸˆâš¾

#Netflix #Wednesday #WednesdaySeason2 #Wandinha #Maratona | #Reddit #discussion #discussÃ£o #sub | #Agosto",Neutro (0.0),Neutro (0.0),Negativo (0.48),Neutro (0.0),Neutro (0.55)
"O mais estranho foi o protetor solar...ğŸ˜‚ğŸ˜‚ğŸ˜‚ğŸ˜‚ğŸ˜‚ğŸ˜‚

#wandinha #wednesday #wandinhaaddams #wednesdayaddams #jennaortega #maozinha #thing #victordorobantu #reels #viral #explore #foryou #love #like #inspiration #repost",Neutro (0.0),Neutro (0.0),Positivo (0.24),Neutro (0.0),Neutro (0.53)
Hideo Kojima junto da famosa mÃ£ozinha! #boanoite #hideokojima #mÃ£ozinha #wandinha #noticias #cnbr #video,Neutro (0.0),Neutro (0.0),Positivo (0.35),Neutro (0.0),Neutro (0.53)
